<?xml version="1.0" encoding="utf-8"?>
<unattend xmlns="urn:schemas-microsoft-com:unattend">
    <settings pass="specialize">
        <component name="Microsoft-Windows-Shell-Setup" processorArchitecture="AMD64" publicKeyToken="31bf3856ad364e35" language="neutral" versionScope="nonSxS" xmlns:wcm="http://schemas.microsoft.com/WMIConfig/2002/State" xmlns:xsi="http://www.w3.org/2001/XMLSchema-instance">
			<OEMInformation>
				<Model>Hi10 pro tablet</Model>
				<Logo>%WINDIR%\OEM\Logo.bmp</Logo>
				<SupportHours>Monday to Friday,9:00AM-17:00PM (Except china national holiday)</SupportHours>
				<SupportPhone></SupportPhone>
				<SupportURL>http://www.chuwi.com</SupportURL>
				<Manufacturer>CHUWI INNOVATION AND TECHNOLOGY(SHENZHEN)CO.,LTD</Manufacturer>
			</OEMInformation>
		<ProductKey>37GNV-YCQVD-38XP9-T848R-FC2HD</ProductKey>
		<SignInMode>1</SignInMode>
        </component>
        <component name="Microsoft-Windows-CoreMmRes" processorArchitecture="AMD64" publicKeyToken="31bf3856ad364e35" language="neutral" versionScope="nonSxS" xmlns:wcm="http://schemas.microsoft.com/WMIConfig/2002/State" xmlns:xsi="http://www.w3.org/2001/XMLSchema-instance">
			<CameraSoundLevel>50</CameraSoundLevel>
        </component>
        <component name="Microsoft-Windows-Deployment" processorArchitecture="AMD64" publicKeyToken="31bf3856ad364e35" language="neutral" versionScope="nonSxS" xmlns:wcm="http://schemas.microsoft.com/WMIConfig/2002/State" xmlns:xsi="http://www.w3.org/2001/XMLSchema-instance">
            <RunSynchronous>
                <RunSynchronousCommand wcm:action="add">
                    <Order>1</Order>
                    <Path>cmd.exe /c C:\Recovery\OEM\DualOStimezone.cmd</Path>
                    <Description>DisableHighAudio</Description>
                </RunSynchronousCommand>
				<RunSynchronousCommand wcm:action="add">
                    <Order>2</Order>
                    <Path>cmd.exe /c COPY /Y C:\Recovery\OEM\SwitchNOW.lnk C:\USERS\PUBLIC\DESKTOP\</Path>
                    <Description>DisableHighAudio</Description>
                </RunSynchronousCommand>
				<RunSynchronousCommand wcm:action="add">
                    <Order>3</Order>
                    <Path>cmd.exe /c C:\Recovery\OEM\ShutdownSet.cmd</Path>
                    <Description>DisableHighAudio</Description>
                </RunSynchronousCommand>
            </RunSynchronous>
        </component>		
	    <component name="Security-Malware-Windows-Defender" processorArchitecture="AMD64" publicKeyToken="31bf3856ad364e35" language="neutral" versionScope="nonSxS" xmlns:wcm="http://schemas.microsoft.com/WMIConfig/2002/State" xmlns:xsi="http://www.w3.org/2001/XMLSchema-instance">
            <TrustedImageIdentifier>{f80487a6-9417-4644-8273-808cced821a9}</TrustedImageIdentifier>
		</component>
    </settings>
    <settings pass="oobeSystem">
        <component name="Microsoft-Windows-Shell-Setup" processorArchitecture="AMD64" publicKeyToken="31bf3856ad364e35" language="neutral" versionScope="nonSxS" xmlns:wcm="http://schemas.microsoft.com/WMIConfig/2002/State" xmlns:xsi="http://www.w3.org/2001/XMLSchema-instance">
            <FirstLogonCommands>
                <SynchronousCommand wcm:action="add">
                    <Order>1</Order>
                    <CommandLine>cmd.exe /c C:\Recovery\OEM\DisableAutoAutoRotationLock.cmd</CommandLine>
                    <Description>DisableAutoAutoRotationLock</Description>
                </SynchronousCommand>		
                <SynchronousCommand wcm:action="add">
                    <Order>2</Order>
                    <CommandLine>cmd.exe /c C:\Recovery\OEM\Icon.cmd</CommandLine>
                    <Description>DisableAutoAutoRotationLock</Description>
                </SynchronousCommand>
                <SynchronousCommand wcm:action="add">
                    <Order>3</Order>
                    <CommandLine>cmd.exe /c C:\Recovery\OEM\Add_HighInverterPWMFreq.cmd</CommandLine>
                    <Description>EDP</Description>
                </SynchronousCommand>
                <SynchronousCommand wcm:action="add">
                    <Order>4</Order>
                    <CommandLine>cmd.exe /c del "c:\Users\Public\Desktop\Media Player Center.lnk"</CommandLine>
                    <Description>EDP</Description>
                </SynchronousCommand>
                <SynchronousCommand wcm:action="add">
                    <Order>5</Order>
                    <CommandLine>cmd.exe /c del "c:\Users\Public\Desktop\Messenger Center.lnk"</CommandLine>
                    <Description>EDP</Description>
                </SynchronousCommand>
                <SynchronousCommand wcm:action="add">
                    <Order>6</Order>
                    <CommandLine>cmd.exe /c cmd.exe /c REG ADD "HKCU\Software\Microsoft\Internet Explorer\Main" /v "Start Page" /t REG_SZ /d http://www.chuwi.com /f</CommandLine>
                    <Description>EDP</Description>
                </SynchronousCommand>				
            </FirstLogonCommands>
        </component>
    </settings>
</unattend>
